{
  "train_accuracy": 0.85,
  "train_f1": 0.8695652173913043,
  "train_precision_attack": 0.7692307692307693,
  "train_recall_attack": 1.0,
  "train_recall_benign": 0.7,
  "train_fnr": 0.0,
  "train_fpr": 0.30000000000000004,
  "train_roc_auc": 0.929312,
  "train_confusion": [
    [
      350,
      150
    ],
    [
      0,
      500
    ]
  ],
  "test_accuracy": 0.857,
  "test_f1": 0.8748906386701663,
  "test_precision_attack": 0.7776049766718507,
  "test_recall_attack": 1.0,
  "test_recall_benign": 0.714,
  "test_fnr": 0.0,
  "test_fpr": 0.28600000000000003,
  "test_roc_auc": 0.932356,
  "test_confusion": [
    [
      357,
      143
    ],
    [
      0,
      500
    ]
  ],
  "gap_f1": -0.00532542127886193,
  "gap_accuracy": -0.007000000000000006,
  "gap_recall_attack": 0.0,
  "train_time_seconds": 627.442046880722,
  "n_params": 25
}