{
  "train_accuracy": 0.903,
  "train_f1": 0.9115770282588879,
  "train_precision_attack": 0.8375209380234506,
  "train_recall_attack": 1.0,
  "train_recall_benign": 0.806,
  "train_fnr": 0.0,
  "train_fpr": 0.19399999999999995,
  "train_roc_auc": 0.9659959999999999,
  "train_confusion": [
    [
      403,
      97
    ],
    [
      0,
      500
    ]
  ],
  "test_accuracy": 0.91,
  "test_f1": 0.9174311926605505,
  "test_precision_attack": 0.847457627118644,
  "test_recall_attack": 1.0,
  "test_recall_benign": 0.82,
  "test_fnr": 0.0,
  "test_fpr": 0.18000000000000005,
  "test_roc_auc": 0.974648,
  "test_confusion": [
    [
      410,
      90
    ],
    [
      0,
      500
    ]
  ],
  "gap_f1": -0.005854164401662643,
  "gap_accuracy": -0.007000000000000006,
  "gap_recall_attack": 0.0,
  "train_time_seconds": 2071.7957224845886,
  "n_params": 21
}