{
  "train_accuracy": 0.819,
  "train_f1": 0.7806060606060606,
  "train_precision_attack": 0.9907692307692307,
  "train_recall_attack": 0.644,
  "train_recall_benign": 0.994,
  "train_fnr": 0.356,
  "train_fpr": 0.006000000000000005,
  "train_roc_auc": 0.894588,
  "train_confusion": [
    [
      497,
      3
    ],
    [
      178,
      322
    ]
  ],
  "test_accuracy": 0.821,
  "test_f1": 0.7835550181378477,
  "test_precision_attack": 0.9908256880733946,
  "test_recall_attack": 0.648,
  "test_recall_benign": 0.994,
  "test_fnr": 0.352,
  "test_fpr": 0.006000000000000005,
  "test_roc_auc": 0.9042239999999999,
  "test_confusion": [
    [
      497,
      3
    ],
    [
      176,
      324
    ]
  ],
  "gap_f1": -0.002948957531787033,
  "gap_accuracy": -0.0020000000000000018,
  "gap_recall_attack": -0.0040000000000000036,
  "train_time_seconds": 688.9223384857178,
  "n_params": 53
}