{
  "train_accuracy": 0.84,
  "train_f1": 0.8095238095238095,
  "train_precision_attack": 1.0,
  "train_recall_attack": 0.68,
  "train_recall_benign": 1.0,
  "train_fnr": 0.31999999999999995,
  "train_fpr": 0.0,
  "train_roc_auc": 0.9072,
  "train_confusion": [
    [
      100,
      0
    ],
    [
      32,
      68
    ]
  ],
  "test_accuracy": 0.808,
  "test_f1": 0.7686746987951807,
  "test_precision_attack": 0.9666666666666667,
  "test_recall_attack": 0.638,
  "test_recall_benign": 0.978,
  "test_fnr": 0.362,
  "test_fpr": 0.02200000000000002,
  "test_roc_auc": 0.888,
  "test_confusion": [
    [
      489,
      11
    ],
    [
      181,
      319
    ]
  ],
  "gap_f1": 0.040849110728628846,
  "gap_accuracy": 0.03199999999999992,
  "gap_recall_attack": 0.04200000000000004,
  "train_time_seconds": 134.83936524391174,
  "n_params": 21
}